osada,kraj,data,poziom,tor,szcz,m05,m10,m15,m20,razem,sp50,sp100,sp150,sp200,sp250,sp300,sp350,sp400,sp450,sp500,sp550,sp600,sp650,sp700,sp750,sp800,sp850,sp900,sp950,sp1000,sp1050,sp1100,sp1150,sp1200,sp1250,sp1300,sp1350,sp1400,sp1450,sp1500,sp1550,sp1600,sp1650,sp1700,sp1750,sp1800,sp1850,sp1900,sp1950,sp2000,st50,st100,st150,st200,st250,st300,st350,st400,st450,st500,st550,st600,st650,st700,st750,st800,st850,st900,st950,st1000,st1050,st1100,st1150,st1200,st1250,st1300,st1350,st1400,st1450,st1500,st1550,st1600,st1650,st1700,st1750,st1800,st1850,st1900,st1950,st2000
can-h,can,825,h,1,h1,"96,37","99,82","100,18","102,55","398,92","4,2","5,4","5,5","5,5","5,3","5,3","5,2","5,2","5,1","5,1","5,1",5,"5,1","5,1","5,1",5,5,"5,1","5,1","5,1","5,1","5,1","5,1",5,5,"5,1",5,5,"4,9",5,5,5,5,"4,9","4,8","4,8","4,8","4,8","4,7","4,7",46,44,42,40,38,37,38,37,36,36,36,36,37,37,37,36,36,36,36,36,36,37,37,37,36,36,36,36,36,37,37,36,36,35,35,34,35,34,34,33
srb-h,srb,825,h,2,h1,"93,32","98,02","98,40","97,11","386,85","4,1","5,4","5,7","5,6","5,5","5,5","5,4","5,4","5,3","5,3","5,3","5,2","5,1","5,1","5,1",5,5,"5,1","5,1","5,2","5,1","5,1","5,1","5,1","5,1",5,"5,1","5,1",5,5,"5,1",5,5,5,"5,1","5,1","5,1","5,2","5,2","5,3",48,45,42,41,40,39,39,38,36,37,36,36,35,35,35,35,35,35,35,35,35,35,35,35,36,36,36,36,36,37,36,36,36,36,37,38,38,37,38,38
rus-h,rus,825,h,3,h1,"93,61","100,86","105,81","109,14","409,42","4,3","5,6","5,8","5,7","5,6","5,5","5,4","5,3","5,2","5,2","5,3","5,2","5,1",5,5,5,"4,9","4,8","4,9","4,9","4,8","4,8","4,8","4,8","4,8","4,8","4,8","4,7","4,7","4,7","4,7","4,7","4,5","4,6","4,6","4,5","4,5","4,6","4,6","4,5",41,45,43,40,38,38,38,37,37,36,36,36,36,36,36,36,36,36,36,36,36,35,35,35,34,35,34,34,34,34,33,33,33,33,33,32,32,32,32,31
cro-h,cro,825,h,4,h1,"90,11","95,96","98,21","97,01","381,29","4,2","5,7","5,9","5,9","5,7","5,6","5,6","5,5","5,5","5,4","5,3","5,3","5,3","5,2","5,2","5,1","5,1","5,2","5,2","5,2","5,1","5,1","5,1","5,1","5,1","5,1","5,1","5,1",5,5,"5,2","5,2","5,1","5,1","5,1","5,1","5,1","5,1","5,1","5,1",35,47,45,42,41,40,39,38,37,37,36,36,36,36,36,36,35,35,35,35,35,35,35,35,35,35,34,34,34,34,35,36,35,36,36,36,36,36,36,35
bul-h,bul,825,h,5,h1,"95,41","98,94","98,13","94,04","386,52","4,2","5,3","5,6","5,5","5,4","5,3","5,3","5,3","5,3","5,2","5,1",5,"5,1","5,1","5,1","5,1",5,"5,1","5,1","5,1","5,1","5,1",5,5,"5,2","5,1","5,1","5,1","5,2","5,1","5,2","5,2","5,2","5,1","5,2","5,2","5,3","5,3","5,5","5,6",46,42,41,39,38,37,37,37,37,36,36,35,36,36,36,36,36,35,35,36,36,36,36,36,36,36,36,36,37,37,37,37,37,37,37,38,39,40,43,45
isr-h,isr,825,h,6,h1,"96,41","96,69","99,57","102,74","395,41","4,1","5,2","5,5","5,4","5,4","5,3","5,3","5,3","5,2","5,2","5,2","5,2","5,3","5,3","5,3","5,3","5,2","5,3","5,2","5,1","5,1",5,5,5,5,5,5,"4,9","4,9",5,"5,1","5,1",5,5,"4,8","4,7","4,7","4,8","4,7","4,7",42,39,39,37,36,36,35,35,34,34,34,34,34,34,33,33,33,33,33,33,33,33,33,33,33,33,32,32,32,32,34,33,33,33,32,31,31,31,31,31
ned-h,ned,825,h,1,h2,"94,73","99,33","100,93","99,26","394,25","4,2","5,5","5,6","5,5","5,5","5,4","5,3","5,3","5,2","5,2","5,1","5,1","5,1","5,1","5,1",5,"5,1","5,1",5,5,"5,1",5,5,"4,9",5,"5,1",5,"4,9",5,"4,8","4,7",5,"5,1","4,9","4,8","5,1","5,1","5,1",5,"4,8",50,45,42,41,39,39,38,37,37,36,36,36,36,35,35,35,35,34,35,35,35,35,35,34,34,34,35,34,35,35,34,36,37,35,34,38,36,36,35,34
gbr-h,gbr,825,h,2,h2,"94,02","95,90","95,68","93,72","379,32","4,2","5,3","5,6","5,6","5,5","5,5","5,4","5,4","5,3","5,3","5,4","5,3","5,3","5,2","5,2","5,3","5,3","5,4","5,2","5,1","5,2","5,3","5,3","5,2","5,3","5,3","5,3","5,3","5,2","5,2","5,2","5,3","5,3","5,3","5,2","5,2","5,3","5,4","5,4","5,4",46,44,42,40,39,39,38,38,37,37,36,36,35,36,35,36,36,36,36,36,36,36,36,36,37,37,37,38,38,38,38,38,39,39,39,40,40,40,42,42
hun-h,hun,825,h,3,h2,"92,54","99,94","104,73","104,29","401,50","4,3","5,6","5,8","5,7","5,6","5,5","5,4","5,4","5,4","5,3","5,3","5,2","5,1","5,1","5,1",5,"4,9","4,9","4,9","4,7","4,7",5,5,"4,9","4,9","4,8","4,7","4,7","4,7","4,8","4,8","4,9","4,8","4,7","4,7","4,8","4,7","4,8","4,7","4,6",41,45,42,41,40,38,38,37,37,36,36,36,36,35,35,35,34,34,34,34,33,34,34,34,34,33,32,32,33,33,33,35,34,33,34,34,34,34,33,32
ger-h,ger,825,h,4,h2,"92,12","96,49","96,60","94,07","379,28","4,3","5,6","5,8","5,8","5,7","5,6","5,5","5,5","5,4","5,3","5,3","5,3","5,2","5,2","5,3","5,2","5,2","5,1","5,1","5,1","5,1","5,2","5,2","5,2","5,2","5,2","5,1","5,1","5,1","5,1","5,1","5,2","5,3","5,2","5,2","5,2","5,2","5,4","5,4","5,3",45,44,43,42,40,40,39,38,38,37,37,37,37,36,36,36,36,36,36,36,36,37,37,37,37,37,36,37,36,37,37,38,39,38,39,39,40,41,42,40
esp-h,esp,825,h,5,h2,"96,05","100,83","103,03","99,10","399,01","4,1","5,3","5,6","5,5","5,5","5,4","5,3","5,2","5,1","5,1","5,2","5,1","5,1","5,1","5,1",5,"4,9","4,8","4,8","4,7","4,8","4,9",5,"4,8","4,8","4,8","4,8","4,9","4,8","4,8","4,9","4,9",5,5,"5,1","5,1","5,1","5,1",5,"4,7",49,46,44,42,42,41,41,40,39,39,39,38,38,38,38,38,37,37,37,37,38,38,38,38,38,38,37,38,38,38,38,39,40,41,43,42,40,41,40,37
den-h,den,825,h,6,h2,"94,70","96,55","99,41","99,51","390,17","4,2","5,5","5,7","5,5","5,5","5,5","5,3","5,4","5,3","5,2","5,3","5,2","5,1","5,2","5,2","5,2","5,2","5,1","5,1","5,2","5,2","5,1","5,1","5,1","5,1","5,1","4,9",5,5,5,5,5,5,5,"4,9","4,9",5,5,"5,1","5,1",42,40,39,38,37,37,36,35,35,35,35,35,35,35,35,35,35,35,35,35,34,34,34,34,34,34,34,34,34,34,34,34,34,34,33,34,35,35,36,36
nor-h,nor,825,h,1,h3,"93,14","98,35","100,81","96,76","389,06","4,3","5,5","5,7","5,6","5,5","5,5","5,4","5,4","5,3","5,3","5,3","5,2","5,2","5,1","5,1","5,1",5,5,5,5,"4,9","4,9",5,"4,9","4,9",5,"4,9","4,9",5,5,"5,1",5,5,5,"5,1","5,1","5,1","5,2","5,3","5,4",45,42,39,37,36,35,35,35,34,34,34,34,33,33,33,33,33,32,32,32,33,33,32,33,33,33,33,33,33,33,34,34,34,34,34,35,35,36,36,37
lat-h,lat,825,h,2,h3,"99,10","105,57","105,11","105,07","414,85","4,1","5,3","5,4","5,3","5,2","5,1","5,1","5,1",5,"4,8","4,7","4,7","4,7","4,7","4,8","4,8","4,8","4,7","4,8","4,7","4,8","4,7","4,7","4,8","4,8","4,8","4,7","4,7","4,8","4,8","4,8","4,8","4,8","4,8","4,9","4,8","4,8","4,8","4,7","4,7",39,38,37,37,36,35,35,34,34,34,33,33,33,33,33,33,33,33,33,33,33,33,33,33,33,33,34,33,33,33,33,33,34,34,33,34,34,33,33,33
aus-h,aus,825,h,3,h3,"93,71","96,36","96,70","101,13","387,90","4,3","5,5","5,6","5,5","5,5","5,5","5,5","5,3","5,3","5,3","5,3","5,2","5,3","5,2","5,2","5,1","5,1","5,1","5,2","5,1","5,1","5,2","5,2","5,2","5,2","5,2","5,3","5,2","5,2","5,3","5,2","5,2","5,1",5,"4,9","4,8","4,7","4,7","4,9","4,9",47,42,40,38,37,37,37,37,37,37,37,36,36,36,36,36,36,36,36,36,36,36,36,36,36,36,37,37,37,37,36,36,36,35,34,33,33,33,34,34
est-h,est,825,h,4,h3,"93,85","98,85","100,90","103,22","396,82","4,2","5,4","5,6","5,6","5,5","5,5","5,4","5,4","5,3","5,3","5,2","5,1","5,1","5,1","5,1","5,1",5,5,5,"4,9","4,9",5,"4,9","4,9",5,"4,9","4,8","4,9","5,1","5,1",5,"4,9","4,8","4,8","4,9","4,8","4,8","4,7","4,6","4,6",42,38,37,36,36,35,35,34,34,34,33,34,33,33,33,34,33,33,33,33,33,33,33,33,33,33,33,33,34,34,34,34,34,34,34,34,34,34,33,33
usa-h,usa,825,h,5,h3,"94,26","96,84","99,82","98,92","389,84","4,1","5,3","5,7","5,7","5,6","5,4","5,4","5,4","5,3","5,3","5,2","5,3","5,3","5,2","5,2","5,1","5,1","5,2","5,1","5,1","5,1","5,1","5,1","5,1",5,5,"4,9","4,9","4,8","4,9",5,"4,9","4,9",5,"5,1",5,"5,1","5,1","5,1","5,1",45,45,43,41,40,40,39,38,37,36,36,36,36,36,36,36,35,36,35,36,36,35,35,35,35,35,35,35,35,35,36,35,36,36,37,37,37,37,38,37
ita-h,ita,825,h,6,h3,"91,00","96,41","96,77","97,04","381,22","4,2","5,6","5,9","5,9","5,8","5,7","5,5","5,5","5,4","5,4","5,3","5,3","5,4","5,3","5,3","5,2","5,2","5,1","5,2","5,2","5,2","5,2","5,2","5,2","5,1","5,2","5,1","5,2","5,2","5,2","5,2","5,2","5,2","5,2","5,2","5,1","5,1","5,1",5,5,51,48,46,45,42,41,40,38,38,37,37,36,37,36,36,36,36,36,36,36,37,37,37,37,37,37,37,37,37,38,38,38,38,38,38,38,38,37,38,37
chn-h,chn,825,h,1,h4,"96,36","99,45","98,91","99,68","394,40","4,1","5,2","5,4","5,4","5,3","5,3","5,2","5,2","5,1","5,1","5,1",5,5,5,"5,1","5,1","5,1","5,1","5,1",5,5,5,"4,9",5,5,"5,1","5,2","5,1","5,1",5,5,"4,9","4,9","4,9",5,5,"5,1","5,1","5,1",5,43,40,39,38,37,37,36,35,35,35,35,35,36,35,35,34,34,34,35,34,35,35,36,35,35,36,36,36,36,35,35,35,35,35,35,36,37,36,37,37
arg-h,arg,825,h,2,h4,"94,47","98,79","103,00","104,70","400,96","4,2","5,3","5,6","5,6","5,5","5,4","5,3","5,2","5,2","5,2","5,1","5,1","5,1","5,1",5,"5,1","5,1",5,5,5,5,"4,9","4,9",5,5,5,5,"4,8","4,7","4,7","4,7","4,7","4,6","4,8","4,8","4,9","4,9","4,9","4,8","4,7",49,46,43,41,40,39,38,38,37,37,36,36,36,36,36,36,36,35,35,35,35,35,35,35,35,35,35,34,34,33,33,34,33,34,35,35,35,36,34,33
ltu-h,ltu,825,h,3,h4,"92,51","96,08","96,92","98,45","383,96","4,2","5,6","5,8","5,7","5,6","5,5","5,4","5,3","5,3","5,2","5,2","5,2","5,2","5,2","5,2","5,2","5,2","5,2","5,2","5,2","5,2","5,2","5,2","5,2","5,2","5,2","5,1","5,1",5,"5,1","5,2","5,2","5,2","5,2","5,1",5,5,5,5,5,42,44,42,40,40,39,39,38,37,37,38,37,37,37,37,37,37,37,37,37,37,38,38,38,38,38,38,37,37,37,38,38,38,38,38,37,37,37,37,37
aut-h,aut,825,h,4,h4,"93,94","99,41","103,80","105,28","402,43","4,3","5,4","5,6","5,6","5,5","5,5","5,4","5,3","5,3","5,2","5,2","5,1",5,"5,1",5,"4,9","4,9","4,9",5,5,5,"4,9","4,9","4,8","4,8","4,9","4,7","4,6","4,7","4,9","4,3","4,5","4,9","4,9","4,9","4,9","4,8","4,8","4,7","4,7",45,40,39,39,38,38,37,37,37,37,36,36,36,36,36,35,35,36,35,35,36,36,35,34,34,35,34,33,34,35,35,35,36,35,35,36,34,34,34,34
nzl-h,nzl,825,h,5,h4,"93,74","95,10","95,33","96,60","380,77","4,2","5,3","5,5","5,5","5,5","5,5","5,4","5,3","5,4","5,3","5,3","5,4","5,4","5,4","5,3","5,3","5,3","5,2","5,2","5,3","5,3","5,3","5,3","5,3","5,2","5,2","5,2","5,2","5,3","5,2","5,3","5,3","5,3","5,3","5,2","5,2","5,2","5,1",5,"4,9",46,43,41,41,40,40,39,38,38,38,38,38,38,38,38,37,38,38,38,38,38,38,38,38,38,38,38,38,39,38,39,38,39,39,38,38,38,37,37,36
ned-r,ned,827,r,1,r1,"94,81","99,28","101,77","104,08","399,94","4,1","5,4","5,6","5,5","5,4","5,4","5,3","5,3","5,2","5,1","5,1","5,1","5,1","5,2","5,1",5,5,5,"4,9","4,9","4,9","5,1","5,2","5,1","4,9","4,9","4,8","4,7","4,7","4,7","4,8","4,8","4,8","4,9","4,8","4,8","4,8","4,8","4,8","4,7",49,46,43,42,40,40,39,39,38,37,37,37,37,37,36,36,36,36,36,35,36,37,37,36,36,35,35,35,36,35,34,34,34,37,35,35,34,34,35,34
ltu-r,ltu,827,r,2,r1,"94,24","97,29","97,19","100,12","388,84","4,1","5,4","5,6","5,6","5,5","5,3","5,3","5,3","5,3","5,2","5,2","5,1","5,1","5,2","5,1","5,1","5,2","5,2","5,2","5,1","5,1","5,2","5,3","5,3","5,3","5,3","5,2",5,5,"5,1",5,5,"5,1",5,5,5,"4,9","4,9",5,5,33,43,41,40,39,38,38,37,37,37,37,37,37,37,37,37,37,37,37,37,37,37,37,37,37,37,37,36,36,36,35,35,35,35,35,35,34,34,34,34
nor-r,nor,827,r,3,r1,"93,29","97,67","99,54","103,28","393,78","4,3","5,5","5,6","5,7","5,5","5,4","5,4","5,3","5,3","5,2","5,2","5,2","5,1","5,2","5,1","5,1","5,1","5,1","5,1","5,1",5,"5,1","5,1","5,1","5,1","5,1",5,5,"4,9","4,9","4,9","4,9","4,9","4,9","4,9","4,8","4,8","4,8","4,9","4,6",45,42,39,38,36,36,36,35,35,34,34,34,34,34,34,34,33,33,33,34,34,34,34,33,34,34,33,34,34,33,34,33,33,33,33,33,33,33,33,31
can-r,can,827,r,4,r1,"96,26","100,49","101,29","104,79","402,83","4,1","5,4","5,5","5,5","5,3","5,2","5,2","5,1","5,1","5,1","5,1","4,9",5,5,5,5,5,5,"4,9","4,8","4,9",5,5,"5,1","5,1","5,1","4,9","4,6","4,8","4,9","4,8","4,9","4,8","4,8","4,8","4,8","4,8","4,7","4,8","4,7",44,43,42,40,38,38,38,37,37,37,36,36,36,36,36,37,36,36,36,35,36,36,36,37,36,37,36,35,35,35,35,35,35,35,35,35,35,34,34,34
aut-r,aut,827,r,1,r2,"93,84","100,54","105,08","102,07","401,53","4,1","5,3","5,5","5,6","5,4","5,4","5,3","5,3","5,2","5,2","5,2","5,2","5,1","5,1","5,1",5,"4,9","4,8","4,7","4,7","4,9","4,9","4,9","4,8","4,7","4,6","4,7","4,7","4,7","4,7","4,7","4,7","4,7","4,9",5,5,5,5,"5,1",5,45,42,41,40,39,39,38,38,37,37,36,37,36,36,36,35,34,35,34,34,35,35,35,35,34,34,34,34,34,34,33,34,34,35,35,35,36,35,36,36
den-r,den,827,r,2,r2,"93,34","96,54","100,99","103,50","394,37","4,2","5,5","5,8","5,6","5,4","5,4","5,3","5,3","5,3","5,2","5,3","5,3","5,2","5,2","5,3","5,2","5,2","5,1","5,1",5,5,5,5,5,5,5,5,5,"4,8","4,8","4,9","4,8","4,8","4,8","4,8","4,9","4,9","4,8","4,8","4,9",43,42,40,38,37,37,36,36,35,35,35,35,35,35,35,35,35,35,35,34,34,35,34,34,34,34,34,34,34,34,34,34,34,34,34,34,34,34,34,33
aus-r,aus,827,r,3,r2,"92,24","97,14","100,12","101,99","391,49","4,2","5,5","5,8","5,7","5,6","5,5","5,4","5,4","5,3","5,3","5,2","5,2","5,2","5,2","5,2","5,2","5,1","5,1",5,"4,9",5,5,"4,9","4,9","4,9",5,5,5,5,"5,1",5,5,5,"4,9",5,5,"4,9","4,9","4,8","4,7",48,43,42,40,39,38,38,37,37,37,37,37,37,37,37,37,36,37,36,35,36,36,35,36,36,37,37,36,36,37,37,36,36,35,35,35,35,34,34,33
isr-r,isr,827,r,4,r2,"93,71","97,43","105,41","105,76","402,31","4,1","5,3","5,6","5,5","5,5","5,5","5,4","5,4","5,4","5,2","5,2","5,3","5,2","5,2","5,3","5,2","5,1",5,5,"4,9","4,8","4,7","4,7","4,8","4,8","4,7","4,8","4,7","4,6","4,7","4,7","4,7","4,6","4,6","4,7","4,8","4,9","4,8","4,8","4,7",44,41,40,38,37,37,37,36,36,35,35,35,35,35,35,35,35,34,34,34,34,33,34,34,34,34,34,33,33,33,33,33,33,33,34,34,34,35,36,34
lat-r,lat,827,r,5,r2,"93,17","104,57","111,64","110,48","419,86","4,1","5,3","5,7","5,6","5,5","5,5","5,4","5,3","5,3","5,1","5,1","5,1",5,"4,9","4,8","4,7","4,7","4,7","4,6","4,4","4,5","4,4","4,4","4,4","4,4","4,4","4,5","4,6","4,6","4,6","4,5","4,5","4,4","4,6","4,6","4,5","4,5","4,7","4,7","4,5",39,38,38,37,37,36,36,35,35,35,34,34,34,33,33,33,33,33,32,32,32,32,32,32,32,32,33,33,34,34,33,33,33,32,33,32,32,33,34,33
hun-r,hun,827,r,1,r3,"96,13","102,08","105,90","106,44","410,55","4,2","5,4","5,6","5,5","5,3","5,3","5,3","5,2","5,1","5,1","5,1","5,1",5,5,5,5,"4,9","4,7","4,7","4,7","4,7","4,9","4,9","4,8","4,8","4,7","4,7","4,7","4,6","4,5","4,6","4,6","4,6","4,6","4,6","4,7","4,9","4,8","4,6","4,6",40,42,41,39,39,38,37,37,36,36,36,36,36,35,35,35,35,34,34,34,34,34,34,34,35,35,34,34,34,34,35,34,34,33,33,33,34,34,34,33
arg-r,arg,827,r,2,r3,"98,74","103,07","107,11","107,79","416,71",4,"5,2","5,5","5,4","5,3","5,2","5,1","5,1",5,"4,9","4,9","4,9","4,9","4,9","4,9",5,"4,9","4,8","4,6","4,7","4,8","4,9","4,9","4,7","4,6","4,7","4,6","4,6","4,5","4,5","4,4","4,4","4,4","4,5","4,6","4,8","4,8","4,9","4,7","4,8",45,43,40,38,37,37,36,35,35,34,34,35,34,33,33,32,33,32,33,32,32,31,32,31,32,31,30,30,30,30,29,29,29,30,30,30,31,31,31,31
gbr-r,gbr,827,r,3,r3,"94,37","98,50","99,97","101,54","394,38","4,1","5,4","5,6","5,6","5,5","5,5","5,5","5,4","5,2","5,1","5,1","5,1","5,1","5,1","5,1","5,1","5,1",5,5,"5,1","5,1","5,1","5,1","5,1",5,"4,9","4,9",5,5,5,5,"4,8","4,8","4,9","4,9",5,5,"4,9","4,9","4,8",48,46,43,42,41,40,39,38,38,37,36,36,36,36,36,36,36,36,35,36,36,36,36,36,36,36,36,36,35,35,35,35,36,35,36,35,36,35,36,34
srb-r,srb,827,r,4,r3,"94,54","98,77","101,50","102,00","396,81","4,1","5,4","5,6","5,6","5,6","5,5","5,4","5,3","5,2","5,1","5,1","5,1","5,1","5,1",5,5,5,5,5,5,5,5,"5,1","5,1",5,"4,9","4,9","4,8","4,8","4,8",5,"4,8","4,9","4,8","4,9","4,9",5,"4,9","4,9","4,7",48,46,43,41,40,40,39,38,37,37,36,36,36,36,36,36,36,36,36,36,37,37,37,37,37,37,36,36,36,38,38,37,37,37,38,38,38,37,36,34
est-r,est,827,r,5,r3,"95,66","100,14","102,13","102,56","400,49","4,1","5,3","5,6","5,6","5,5","5,3","5,3","5,3","5,2","5,2","5,1",5,5,5,5,5,5,5,"4,9","4,9","4,9","4,9","4,9","4,9","4,8","4,8","4,9",5,"4,9",5,"4,9","4,8","4,8","4,9","4,8","4,9","4,8","4,7","4,9",5,42,40,39,37,37,36,36,36,35,35,35,35,35,35,35,35,35,35,35,35,34,35,35,35,35,35,35,35,36,36,36,36,36,36,36,36,36,35,36,36
esp-r,esp,827,r,1,r4,"98,97","100,96","101,69","97,59","399,21",4,"5,2","5,4","5,4","5,1","5,1",5,"5,1","5,1",5,5,"5,1","5,1",5,5,"4,9","4,9","4,9","4,9","4,9","4,8","4,9","4,9",5,5,"4,9","4,9","4,9",5,5,"4,9",5,"4,9","4,9","5,2","5,2","5,2","5,2","5,2","5,3",47,44,42,40,39,38,38,38,37,37,38,38,38,38,38,37,37,38,38,38,38,39,39,39,40,41,40,41,41,41,41,41,43,43,45,45,45,46,46,46
chn-r,chn,827,r,2,r4,"94,92","102,15","103,17","98,90","399,14","4,1","5,3","5,6","5,6","5,5","5,4","5,3","5,3","5,2","5,1","5,1",5,5,"4,9","4,9","4,8","4,8","4,8","4,8","4,8","4,8","4,9","4,9","4,9","4,9","4,8","4,8","4,8","4,9",5,5,"4,9","4,8","4,9",5,5,"5,1","5,1","5,2","5,3",47,44,42,40,39,40,39,38,37,38,37,37,37,37,37,36,36,36,36,37,37,37,38,38,38,37,37,38,38,37,38,38,38,39,40,40,42,43,45,45
bul-r,bul,827,r,3,r4,"94,10","100,35","102,33","99,94","396,72","4,1","5,3","5,5","5,6","5,6","5,5","5,4","5,3","5,2","5,1","5,1","5,1",5,5,5,5,5,5,"4,9","4,9","4,8","4,9","4,9","4,9","4,9","4,9","4,8","4,9",5,5,5,5,"4,8","4,8","4,9","4,9","5,1","5,1","5,1","5,1",46,43,42,41,40,40,39,38,38,37,37,36,36,36,35,35,36,36,35,35,35,35,35,35,35,35,35,35,35,36,35,36,35,35,35,35,37,37,37,37
usa-r,usa,827,r,4,r4,"96,56","101,58","107,18","112,36","417,68","4,1","5,3","5,4","5,4","5,4","5,4","5,3","5,2","5,2",5,5,"5,1","5,1","5,1",5,"4,9","4,9","4,8","4,8","4,7","4,8","4,8","4,7","4,8","4,8","4,7","4,7","4,6","4,2","4,7","4,7","4,6","4,4","4,4","4,3","4,4","4,3","4,4","4,4","4,5",46,45,43,41,39,39,39,37,37,36,36,37,36,36,36,36,36,35,35,35,36,36,35,36,35,35,35,35,33,35,36,34,34,34,33,33,33,33,33,33
rus-r,rus,827,r,5,r4,"94,48","101,21","105,82","113,37","414,88","4,1","5,4","5,6","5,5","5,5","5,5","5,4","5,3","5,3","5,1","5,1",5,"5,1","5,1",5,"4,9","4,9","4,9","4,9","4,7","4,7","4,7","4,7","4,8","4,7","4,7","4,7","4,7","4,7","4,8","4,8","4,7","4,6","4,5","4,5","4,5","4,3","4,2","3,9",4,40,44,41,40,39,38,38,37,37,37,37,37,37,37,36,36,36,36,35,35,35,35,35,35,36,35,35,35,35,35,35,35,35,35,35,34,34,31,29,29
hun-s,hun,829,s,1,scd1,"91,02","96,11","98,99","94,17","380,29","4,2","5,5","5,9","5,9","5,7","5,6","5,5","5,5","5,5","5,4","5,3","5,3","5,3","5,3","5,2","5,2","5,3","5,2","5,2","5,1",5,"5,1","5,1","5,1","5,1","5,1",5,"5,1",5,"5,1","5,2","5,2","5,2","5,1","5,1","5,1","5,2","5,3","5,5","5,6",40,44,42,40,39,38,37,37,37,37,36,36,36,36,35,35,36,35,36,35,35,35,35,35,35,35,35,35,35,35,37,36,36,36,36,37,37,37,38,40
ned-s,ned,829,s,2,scd1,"90,76","95,75","96,21","94,42","377,14","4,2","5,6","5,9","5,8","5,7","5,6","5,5","5,5","5,6","5,5","5,3","5,3","5,3","5,2","5,3","5,2","5,2","5,2","5,1","5,2","5,2","5,2","5,2","5,2","5,3","5,2","5,2","5,2","5,1","5,2","5,1","5,1","5,2","5,1","5,2","5,3","5,2","5,4","5,5","5,3",50,46,44,42,41,41,39,39,37,37,36,36,35,35,35,35,34,34,34,34,34,34,34,34,34,34,34,34,34,34,34,34,34,34,35,36,36,38,37,36
esp-s,esp,829,s,3,scd1,"93,59","97,42","95,07","94,06","380,14","4,2","5,4","5,7","5,7","5,5","5,4","5,4","5,4","5,4","5,3","5,2","5,1","5,1","5,2","5,1","5,1","5,1","5,2","5,3","5,3","5,2","5,2","5,2","5,3","5,3","5,2","5,3","5,2","5,2","5,3","5,1","5,2","5,2","5,3","5,3","5,3","5,2","5,3","5,4","5,4",48,45,41,40,38,38,38,38,37,37,37,37,37,37,37,37,37,38,38,38,38,39,39,39,39,39,40,40,40,39,40,39,40,41,42,42,43,44,44,45
isr-s,isr,829,s,4,scd1,"92,00","95,24","95,90","94,68","377,82","4,2","5,4","5,7","5,7","5,6","5,6","5,6","5,6","5,5","5,4","5,4","5,3","5,3","5,3","5,2","5,2","5,3","5,3","5,2","5,2","5,2","5,2","5,2","5,2","5,3","5,3","5,2","5,2","5,2","5,2","5,3","5,2","5,2","5,2","5,2","5,2","5,2","5,3","5,3","5,2",46,44,42,41,39,39,38,37,37,37,36,36,36,35,35,35,36,36,35,35,35,35,35,35,35,35,35,35,36,36,36,36,36,37,37,37,37,38,38,38
usa-s,usa,829,s,5,scd1,"92,81","96,55","97,34","94,59","381,29","4,1","5,4","5,7","5,7","5,7","5,5","5,5","5,4","5,4","5,3","5,3","5,2","5,2","5,2","5,1","5,2","5,2","5,2","5,2","5,2","5,2","5,2","5,2","5,2","5,1","5,2",5,5,"5,2","5,1","5,1","5,3","5,3","5,2","5,3","5,2","5,2","5,4","5,3","5,2",49,47,46,42,42,41,40,37,37,38,35,35,36,36,35,36,36,36,36,36,37,37,37,37,37,37,37,37,37,38,37,39,40,40,39,40,39,40,39,38
arg-s,arg,829,s,1,scd2,"92,41","94,29","96,53","95,12","378,35","4,1","5,4","5,7","5,7","5,6","5,6","5,5","5,4","5,4","5,3","5,3","5,4","5,4","5,3","5,3","5,2","5,2","5,3","5,3","5,2","5,2","5,2","5,1","5,2","5,1","5,2","5,2","5,2","5,2","5,2","5,3","5,2","5,2","5,3","5,3","5,3","5,3","5,2","5,2","5,2",49,46,44,41,40,40,39,38,38,37,37,37,37,37,37,36,37,37,36,36,36,36,36,37,37,37,37,37,37,37,38,38,38,39,39,40,40,39,39,38
can-s,can,829,s,2,scd2,"93,20","95,69","96,73","94,30","379,92","4,2","5,5","5,7","5,7","5,6","5,5","5,4","5,3","5,3","5,3","5,3","5,2","5,2","5,3","5,3","5,2","5,2","5,2","5,2","5,2","5,2","5,1","5,1","5,1","5,2","5,2","5,2","5,3","5,2","5,2","5,2","5,1","5,2","5,4","5,3","5,3","5,3","5,4","5,5","5,4",44,44,42,40,38,37,37,37,37,36,36,36,36,36,36,36,36,35,35,35,35,35,36,35,36,36,37,37,36,36,36,36,37,39,38,38,39,40,40,38
aut-s,aut,829,s,3,scd2,"93,08","95,10","96,89","117,35","402,42","4,3","5,5","5,7","5,6","5,5","5,5","5,5","5,4","5,3","5,3","5,3","5,3","5,4","5,3","5,3","5,3","5,2","5,2","5,2","5,2","5,1","5,2","5,1","5,1","5,1","5,1","5,1","5,2","5,2","5,1","5,2","5,2","5,2","5,3","5,2","5,3","5,3","5,4","3,9","2,2",45,41,40,39,38,38,38,38,38,37,37,37,37,37,37,37,36,37,36,36,36,36,37,37,36,36,37,37,37,36,37,37,37,38,37,37,38,39,0,31
est-s,est,829,s,4,scd2,"93,18","95,99","95,73","92,56","377,46","4,1","5,3","5,7","5,6","5,6","5,5","5,5","5,4","5,4","5,3","5,3","5,3","5,2","5,2","5,1","5,2","5,2","5,3","5,2","5,2","5,3","5,1","5,1","5,2","5,2","5,2","5,3","5,3","5,3","5,3","5,3","5,4","5,4","5,4","5,4","5,4","5,4","5,3","5,3","5,1",41,39,38,37,36,36,36,36,35,35,35,34,34,34,34,34,34,34,35,35,35,34,34,35,35,35,35,36,36,37,37,37,38,39,39,39,38,38,38,38
rus-s,rus,829,s,5,scd2,"93,71","95,54","97,60","97,08","383,93","4,2","5,4","5,6","5,5","5,5","5,4","5,4","5,3","5,3","5,2","5,2","5,2","5,2","5,3","5,3","5,3","5,2","5,2","5,2","5,2","5,1","5,1","5,1","5,1","5,1","5,1","5,2","5,1","5,2","5,1","5,1","5,1","5,1","5,2","5,2","5,1","5,2","5,2","5,1",5,40,44,41,40,39,38,38,37,37,37,37,37,37,37,37,37,36,36,36,36,37,37,36,36,37,36,37,37,37,37,37,37,38,38,38,38,40,41,40,38
lat-s,lat,829,s,6,scd2,"95,17","100,23","104,67","104,14","404,21","4,2","5,3","5,5","5,5","5,4","5,4","5,3","5,3","5,2","5,2","5,1","5,1",5,"4,9",5,5,5,"4,9",5,"4,9","4,9","4,9","4,9","4,9","4,7","4,8","4,9","4,8","4,6","4,7","4,6","4,7","4,9","4,9","4,7","4,7","4,7","4,7","4,8","5,1",38,36,35,35,35,35,35,34,34,34,34,34,34,33,33,33,34,34,34,34,33,33,33,34,34,33,33,33,33,33,33,33,33,33,33,33,33,34,34,35
ger-s,ger,829,s,1,sab1,"88,36","91,16","94,03","94,24","367,79","4,4","5,7","6,1",6,6,"5,9","5,8","5,7","5,5","5,6","5,6","5,6","5,6","5,5","5,5","5,4","5,5","5,4","5,4","5,4","5,5","5,4","5,3","5,4","5,3","5,3","5,3","5,3","5,2","5,3","5,3","5,2","5,3","5,2","5,2","5,2","5,4","5,5","5,4","5,2",46,46,44,42,42,40,40,38,38,37,37,37,37,37,36,35,36,36,35,35,35,35,35,35,35,35,36,35,35,35,35,35,36,36,36,36,37,38,37,37
cro-s,cro,829,s,2,sab1,"88,08","90,89","91,09","89,66","359,72","4,3","5,7","6,1",6,"5,9","5,8","5,7","5,6","5,7","5,6","5,7","5,5","5,5","5,5","5,5","5,5","5,5","5,5","5,5","5,4","5,5","5,5","5,5","5,6","5,5","5,5","5,5","5,5","5,4","5,5","5,5","5,5","5,5","5,6","5,6","5,6","5,6","5,6","5,6","5,6",34,47,44,42,40,39,38,37,37,36,37,36,36,36,36,36,35,35,35,36,36,36,37,36,36,37,37,37,37,37,37,38,38,38,38,39,39,40,40,40
gbr-s,gbr,829,s,3,sab1,"90,96","93,77","94,22","93,76","372,71","4,2","5,5","5,8","5,7","5,7","5,7","5,6","5,5","5,5","5,5","5,5","5,4","5,4","5,4","5,4","5,2","5,4","5,3","5,3","5,2","5,2","5,2","5,2","5,3","5,3","5,4","5,3","5,3","5,4","5,4","5,4","5,4","5,4","5,3","5,3","5,4","5,4","5,4","5,2","5,1",48,47,45,43,42,41,40,40,39,38,37,37,37,37,37,37,36,37,36,37,36,37,37,37,37,37,37,37,37,38,38,38,39,39,39,39,39,39,39,38
bul-s,bul,829,s,4,sab1,"91,08","93,92","94,27","90,12","369,39","4,1","5,4","5,7","5,7","5,6","5,6","5,6","5,6","5,6","5,5","5,5","5,4","5,4","5,3","5,3","5,3","5,3","5,3","5,3","5,3","5,2","5,2","5,3","5,3","5,3","5,3","5,4","5,4","5,4","5,3","5,3","5,4","5,4","5,5","5,5","5,5","5,6","5,7","5,6","5,6",45,44,43,42,40,40,40,39,39,39,39,39,38,37,37,37,37,38,37,38,38,37,38,38,38,38,38,38,39,39,39,39,39,40,41,41,41,43,43,42
den-s,den,829,s,5,sab1,"91,35","93,76","96,61","100,46","382,18","4,2","5,6","5,8","5,7","5,7","5,5","5,5","5,4","5,4","5,4","5,4","5,4","5,4","5,4","5,3","5,4","5,3","5,3","5,3","5,2","5,3","5,2","5,2","5,3","5,3","5,3","5,3",5,5,5,"5,1",5,5,"5,1",5,"4,9","4,9","4,8",5,5,44,42,40,38,37,37,36,35,35,35,34,35,35,35,35,35,35,35,35,35,35,35,35,35,35,35,35,35,34,34,34,34,34,34,34,34,33,33,34,33
nor-s,nor,829,s,6,sab1,"91,28","93,90","94,25","92,81","372,24",,,,,,,,,,,,,,,,,,,,,,,,,,,,,,,,,,,,,,,,,,,,,,,,,,,,,,,,,,,,,,,,,,,,,,,,,,,,,,,,
nzl-s,nzl,829,s,1,sab2,"91,52","91,16","91,21","89,66","363,55","4,1","5,4","5,8","5,7","5,7","5,6","5,6","5,6","5,5","5,5","5,5","5,5","5,6","5,5","5,5","5,4","5,4","5,4","5,4","5,4","5,4","5,5","5,5","5,4","5,4","5,5","5,5","5,5","5,5","5,5","5,6","5,6","5,6","5,6","5,6","5,6","5,6","5,5","5,6","5,5",47,44,43,42,41,41,40,40,40,39,39,39,39,39,39,38,38,39,38,38,39,39,39,39,39,39,39,39,39,40,41,41,41,41,41,41,41,41,42,41
ita-s,ita,829,s,2,sab2,"89,26","91,54","91,59","89,91","362,30","4,2","5,7",6,"6,1",6,"5,8","5,6","5,5","5,5","5,5","5,4","5,5","5,5","5,5","5,5","5,5","5,4","5,5","5,4","5,4","5,4","5,4","5,4","5,5","5,4","5,5","5,5","5,6","5,6","5,6","5,6","5,6","5,6","5,6","5,5","5,5","5,6","5,5","5,5","5,5",51,49,48,44,43,41,40,40,39,39,39,38,37,38,38,38,37,38,37,37,37,37,38,38,38,38,39,39,39,39,39,40,40,40,41,41,41,41,42,41
ltu-s,ltu,829,s,3,sab2,"89,95","91,18","91,01","89,70","361,84","4,2","5,6","5,9","5,9","5,7","5,7","5,6","5,5","5,6","5,5","5,5","5,5","5,5","5,5","5,5","5,5","5,5","5,5","5,5","5,5","5,5","5,5","5,5","5,5","5,5","5,5","5,5","5,5","5,5","5,5","5,5","5,4","5,5","5,5","5,5","5,6","5,6","5,6","5,5","5,5",39,43,42,40,39,38,37,37,37,37,37,37,37,37,37,37,37,37,37,37,37,37,37,37,37,37,37,38,38,38,39,39,38,40,39,39,40,40,40,39
aus-s,aus,829,s,4,sab2,"90,10","91,37","92,21","88,84","362,52","4,3","5,6","5,8","5,9","5,8","5,7","5,6","5,5","5,5","5,5","5,5","5,6","5,5","5,4","5,4","5,5","5,5","5,5","5,4","5,5","5,5","5,4","5,4","5,4","5,4","5,5","5,5","5,5","5,5","5,4","5,5","5,5","5,6","5,6","5,6","5,7","5,7","5,7","5,6","5,5",48,44,43,41,40,40,39,38,38,38,38,38,38,37,37,37,37,37,37,37,37,37,37,37,37,37,38,38,37,37,38,38,39,39,40,41,41,42,40,39
chn-s,chn,829,s,5,sab2,"90,77","93,95","94,44","98,51","377,67","4,2","5,4","5,7","5,8","5,7","5,7","5,5","5,5","5,4","5,5","5,5","5,4","5,4","5,3","5,3","5,3","5,3","5,3","5,3","5,2","5,3","5,4","5,4","5,4","5,4","5,4","5,3","5,3","5,3","5,2",5,5,"5,1","5,1","5,1",5,5,"5,2","5,2",5,46,43,43,42,41,40,39,39,38,38,37,37,37,37,37,37,37,37,37,37,37,38,38,37,37,38,37,37,38,37,37,37,37,37,38,37,38,39,38,38
srb-s,srb,829,s,6,sab2,"90,95","94,21","94,91","95,75","375,82","4,1","5,6","5,8","5,8","5,7","5,7","5,6","5,5","5,5","5,4","5,4","5,4","5,3","5,3","5,4","5,3","5,3","5,3","5,2","5,2","5,3","5,4","5,3","5,3","5,2","5,2","5,2","5,2","5,2","5,2","5,2","5,2","5,1","5,1","5,2","5,2","5,3","5,3","5,3","5,2",49,46,44,43,42,41,39,38,37,37,36,35,35,36,35,35,35,35,35,35,36,36,36,35,36,37,37,37,37,37,38,37,37,37,38,40,40,41,40,38
lat-f,lat,830,f,1,fd,"93,45","100,77","104,61","100,87","399,70","4,3","5,5","5,8","5,7","5,7","5,5","5,5","5,4","5,4","5,2","5,2","5,2","5,1",5,5,"4,9","4,9","4,8","4,7","4,8","4,9","4,8","4,9","4,7","4,7","4,8","4,7","4,7","4,8","4,9","5,1","5,1",5,"4,9","4,9","4,9","4,9","4,9","4,9","4,8",39,38,38,37,37,36,35,35,35,35,34,34,35,34,34,34,33,33,32,33,33,33,33,33,32,33,32,32,32,33,33,34,34,34,33,34,34,34,34,34
aut-f,aut,830,f,2,fd,"94,01","97,52","97,35","94,86","383,74","4,2","5,5","5,7","5,7","5,6","5,5","5,3","5,3","5,3","5,2","5,2","5,1","5,1","5,1",5,5,"5,3","5,1",5,"5,1","5,1","5,1","5,1","5,1","5,1","5,2","5,1","5,2","5,2","5,3","5,3","5,3","5,3","5,3","5,3","5,2","5,3","5,2","5,2","5,1",47,43,42,40,39,38,38,37,38,37,37,36,36,36,35,36,38,36,36,37,37,37,37,37,37,36,36,37,37,37,37,37,37,37,37,37,37,37,37,37
hun-f,hun,830,f,3,fd,"92,20","96,48","100,55","97,22","386,45","4,3","5,7",6,"5,9","5,7","5,5","5,4","5,5","5,3","5,2","5,5","5,5","5,3","5,2","5,1",5,"5,1","5,1","5,1",5,"5,2",5,"4,9","4,9",5,5,5,5,5,"4,9",5,"4,9",5,5,5,"5,1","5,2","5,2","5,2","5,4",41,44,42,40,39,38,37,36,36,36,37,37,36,36,36,35,35,35,35,34,36,35,34,35,34,35,34,34,34,34,34,35,35,36,35,37,37,37,37,39
rus-f,rus,830,f,4,fd,"93,65","98,09","99,71","95,09","386,54","4,2","5,6","5,7","5,7","5,6","5,4","5,3","5,4","5,3","5,3","5,3","5,2","5,1","5,1","5,1","5,1",5,5,5,5,5,5,5,5,5,5,5,5,"4,9",5,5,5,"5,1","5,2","5,2","5,2","5,2","5,3","5,3","5,4",42,44,41,40,39,38,37,37,37,37,36,36,36,36,36,36,36,35,35,36,36,36,35,35,36,35,35,35,35,36,36,36,37,38,37,38,39,40,40,41
usa-f,usa,830,f,5,fd,"93,64","95,64","98,68","97,60","385,56","4,1","5,3","5,6","5,7","5,6","5,5","5,5","5,5","5,4","5,4","5,3","5,3","5,4","5,3","5,2","5,2","5,2","5,1","5,1","5,1","5,2","5,1","5,1","5,1","5,1","5,1",5,5,"5,1","5,1",5,5,5,"5,1",5,5,"5,2","5,1","5,1",5,48,48,46,41,41,40,38,37,37,37,36,36,37,36,36,36,36,36,36,36,35,36,36,36,37,37,37,37,36,37,37,37,37,38,37,37,37,37,37,37
can-f,can,830,f,1,fc,"92,52","94,73","95,44","94,16","376,85","4,2","5,5","5,6","5,6","5,6","5,5","5,4","5,5","5,5","5,4","5,3","5,3","5,3","5,4","5,3","5,3","5,2","5,2","5,2","5,2","5,2","5,2","5,3","5,3","5,3","5,3","5,3","5,2","5,2","5,2","5,2","5,2","5,1","5,2","5,2","5,2","5,3","5,4","5,4","5,4",46,44,42,41,39,38,38,38,38,37,37,37,37,36,36,36,36,36,36,36,36,35,36,36,37,37,37,36,37,37,37,37,37,37,37,37,38,40,40,40
isr-f,isr,830,f,2,fc,"92,75","94,26","95,57","92,57","375,15","4,2","5,4","5,7","5,7","5,6","5,5","5,5","5,5","5,4","5,4","5,4","5,3","5,4","5,3","5,3","5,3","5,3","5,3","5,3","5,2","5,2","5,2","5,2","5,2","5,3","5,3","5,2","5,2","5,2","5,2","5,2","5,3","5,3","5,2","5,2","5,3","5,5","5,5","5,5","5,6",46,43,41,40,39,38,37,36,36,35,35,35,35,35,35,35,36,35,35,35,35,35,35,35,35,35,35,35,35,35,36,37,37,36,37,37,38,40,41,42
ned-f,ned,830,f,3,fc,"92,33","95,59","95,47","92,34","375,73","4,2","5,5","5,7","5,7","5,6","5,5","5,4","5,4","5,4","5,3","5,2","5,3","5,3","5,3","5,3","5,3","5,2","5,2","5,2","5,1","5,2","5,2","5,2","5,2","5,2","5,2","5,2","5,3","5,3","5,3","5,2","5,3","5,3","5,2","5,2","5,3","5,6","5,6","5,6","5,7",35,46,43,43,41,40,39,38,37,36,36,36,36,36,35,35,35,35,35,34,35,35,35,35,35,35,35,36,35,35,35,37,37,37,36,37,42,41,41,41
est-f,est,830,f,4,fc,"94,09","97,04","95,56","94,09","380,78","4,2","5,4","5,7","5,6","5,5","5,4","5,3","5,3","5,3","5,2","5,3","5,2","5,2","5,1","5,1","5,2","5,1","5,2","5,2","5,1","5,1","5,2","5,1","5,2","5,3","5,3","5,3","5,2","5,3","5,3","5,3","5,3","5,3","5,3","5,4","5,5","5,4","5,3","5,3","5,2",43,39,38,37,36,35,35,35,35,35,34,34,34,34,34,34,34,34,34,35,34,35,35,35,35,36,36,36,36,36,36,36,37,37,38,39,39,39,39,38
arg-f,arg,830,f,5,fc,"93,87","95,26","96,36","100,34","385,83","4,2","5,3","5,7","5,6","5,5","5,4","5,3","5,3","5,3","5,2","5,3","5,3","5,4","5,3","5,3","5,3","5,2","5,2","5,2","5,2","5,2","5,2","5,2","5,2","5,2","5,2","5,2","5,2","5,2","5,1","5,1",5,"5,1","5,1","5,1",5,"4,9","4,9","4,9","4,8",49,47,43,41,40,39,38,38,38,37,37,37,37,37,37,37,37,37,37,37,37,37,37,37,37,37,37,37,37,37,37,36,37,37,37,36,36,36,35,35
esp-f,esp,830,f,6,fc,"94,93","96,89","98,79","100,33","390,94","4,1","5,3","5,6","5,6","5,5","5,3","5,3","5,3","5,2","5,2","5,2","5,2","5,2","5,2","5,2","5,2","5,1",5,"5,1",5,"5,1","5,1",5,"5,1","5,2","5,2","5,1",5,5,"4,9",5,5,"4,9",5,"4,9",5,"5,1",5,5,"4,9",47,43,41,39,38,38,38,37,36,37,37,37,36,36,37,37,37,37,37,37,37,37,38,37,38,38,37,38,37,37,37,37,37,37,37,37,38,36,37,37
chn-f,chn,831,f,1,fb,"90,74","94,17","96,25","95,73","376,89","4,2","5,5","5,7","5,8","5,7","5,7","5,6","5,6","5,5","5,5","5,4","5,4","5,3","5,4","5,3","5,2","5,3","5,3","5,2","5,3","5,3","5,2","5,2","5,2","5,2","5,3","5,1","5,2","5,2","5,1","5,2","5,1","5,1","5,1","5,2","5,2","5,2","5,3","5,4","5,5",48,45,44,43,42,41,39,39,38,38,38,38,38,38,38,38,38,38,38,38,38,38,38,37,38,39,39,39,39,38,39,39,39,39,40,40,41,41,44,44
gbr-f,gbr,831,f,2,fb,"90,41","92,69","93,20","94,11","370,41","4,2","5,5","5,9","5,9","5,8","5,7","5,6","5,5","5,6","5,5","5,5","5,4","5,4","5,5","5,4","5,4","5,4","5,4","5,4","5,3","5,3","5,4","5,3","5,3","5,4","5,3","5,3","5,4","5,5","5,4","5,4","5,3","5,3","5,3","5,3","5,3","5,3","5,3","5,2","5,2",46,43,41,40,40,38,37,36,36,36,36,36,36,36,36,36,35,35,35,35,36,35,36,36,36,36,37,37,37,37,37,37,37,38,38,38,38,38,38,38
nzl-f,nzl,831,f,3,fb,"91,08","92,70","93,56","95,69","373,03","4,2","5,4","5,7","5,7","5,6","5,6","5,6","5,6","5,6","5,6","5,6","5,6","5,5","5,5","5,4","5,3","5,4","5,3","5,3","5,3","5,4","5,4","5,4","5,4","5,3","5,4","5,4","5,4","5,4","5,3","5,2","5,3","5,3","5,3","5,1","5,3","5,2","5,1","5,1","5,3",47,45,43,42,41,41,41,40,40,40,39,40,39,39,38,39,38,38,38,38,39,39,39,38,38,38,38,39,38,38,38,39,39,38,38,39,38,38,38,39
nor-f,nor,831,f,4,fb,"90,00","94,46","96,55","94,30","375,31","4,2","5,6","5,9","5,9","5,8","5,7","5,6","5,5","5,5","5,4","5,4","5,4","5,3","5,3","5,3","5,3","5,3","5,2","5,2","5,3","5,3","5,3","5,3","5,2","5,2","5,1","5,2","5,2","5,1","5,1","5,1","5,1","5,2","5,3","5,3","5,4","5,4","5,4","5,4","5,3",45,43,40,38,37,36,36,35,35,35,34,34,34,34,34,34,34,34,34,34,34,34,34,34,34,34,35,34,34,34,34,34,35,35,35,35,36,36,36,36
srb-f,srb,831,f,5,fb,"90,63","93,55","95,04","94,14","373,36","4,2","5,5","5,8","5,8","5,8","5,7","5,6","5,5","5,5","5,5","5,5","5,5","5,4","5,3","5,3","5,4","5,4","5,3","5,3","5,3","5,3","5,3","5,3","5,3","5,3","5,3","5,2","5,2","5,2","5,3","5,3","5,2","5,2","5,2","5,3","5,3","5,3","5,4","5,3","5,3",49,46,44,43,42,41,39,38,38,37,37,37,37,37,37,37,37,37,37,38,38,38,37,37,38,37,37,37,38,39,39,39,39,39,40,40,41,42,42,43
den-f,den,831,f,6,fb,"91,36","94,11","97,03","96,07","378,57","4,3","5,5","5,9","5,8","5,7","5,5","5,4","5,5","5,4","5,3","5,4","5,4","5,4","5,3","5,3","5,3","5,3","5,3","5,2","5,2","5,3","5,3","5,3","5,1","5,2","5,2","5,1","5,1","5,1","5,1","5,1","5,1","5,1","5,1","5,1","5,1","5,2","5,3","5,4","5,4",44,42,40,39,37,37,36,36,35,35,35,35,35,35,35,35,35,35,35,34,34,34,35,35,34,34,34,34,34,34,34,34,35,35,35,36,37,38,38,39
aus-f,aus,831,f,1,fa,"89,85","92,33","93,51","88,74","364,43","4,3","5,5","5,8","5,8","5,8","5,6","5,5","5,6","5,6","5,5","5,6","5,5","5,5","5,4","5,4","5,4","5,4","5,4","5,4","5,4","5,3","5,3","5,3","5,3","5,4","5,4","5,4","5,3","5,4","5,4","5,4","5,4","5,6","5,7","5,7","5,8","5,8","5,7","5,7","5,7",49,45,42,40,38,38,38,38,37,38,38,37,37,37,37,37,37,37,37,37,37,37,37,37,37,37,37,37,37,37,37,38,39,40,40,40,41,41,42,42
ger-f,ger,831,f,2,fa,"88,70","93,52","93,40","89,40","365,02","4,3","5,6","5,9","5,9","5,9","5,7","5,7","5,7","5,5","5,6","5,5","5,3","5,4","5,4","5,3","5,3","5,4","5,3","5,2","5,3","5,3","5,3","5,4","5,4","5,4","5,3","5,3","5,4","5,4","5,4","5,4","5,5","5,5","5,6","5,6","5,6","5,6","5,6","5,7","5,7",45,44,43,41,40,39,38,38,37,36,36,36,36,36,36,36,36,36,36,36,35,36,37,37,37,37,36,37,36,37,37,38,38,39,39,40,42,41,42,43
ltu-f,ltu,831,f,3,fa,"89,97","93,04","92,36","89,19","364,56","4,2","5,5","5,8","5,8","5,8","5,6","5,6","5,6","5,5","5,4","5,4","5,4","5,4","5,4","5,4","5,4","5,4","5,3","5,3","5,3","5,4","5,5","5,4","5,4","5,5","5,5","5,5","5,4","5,4","5,4","5,4","5,5","5,5","5,6","5,6","5,7","5,7","5,7","5,8","5,8",40,44,42,40,39,38,38,37,37,37,37,37,37,37,37,37,37,36,37,36,37,37,37,37,37,38,37,37,37,38,38,39,39,40,40,40,41,41,43,42
cro-f,cro,831,f,4,fa,"86,83","91,09","91,55","91,05","360,52","4,3","5,8","6,1","6,1",6,"5,8","5,8","5,7","5,6","5,6","5,6","5,6","5,5","5,5","5,6","5,4","5,5","5,4","5,3","5,4","5,4","5,4","5,5","5,5","5,5","5,5","5,5","5,5","5,5","5,5","5,4","5,5","5,5","5,5","5,5","5,5","5,5","5,6","5,6","5,5",43,48,45,42,40,40,38,37,37,37,37,37,37,37,37,36,36,36,36,36,36,36,36,37,36,37,37,37,37,37,37,37,37,37,38,38,38,38,39,38
ita-f,ita,831,f,5,fa,"89,25","92,40","91,74","91,03","364,42","4,2","5,6","5,8","5,9","5,9","5,8","5,6","5,6","5,5","5,5","5,5","5,4","5,5","5,5","5,4","5,4","5,4","5,3","5,4","5,3","5,4","5,4","5,5","5,6","5,6","5,5","5,4","5,4","5,4","5,4","5,5","5,5","5,6","5,5","5,5","5,6","5,5","5,5","5,5","5,6",50,48,46,44,42,41,40,39,39,38,38,38,38,38,39,38,39,38,38,38,39,38,38,39,40,40,39,39,39,40,40,40,41,41,41,41,42,43,43,43
bul-f,bul,831,f,6,fa,"90,71","94,06","92,79","94,75","372,31","4,3","5,4","5,7","5,7","5,7","5,7","5,6","5,5","5,5","5,4","5,4","5,4","5,3","5,3","5,2","5,2","5,3","5,3","5,3","5,4","5,4","5,3","5,3","5,3","5,4","5,4","5,5","5,5","5,5","5,5","5,3","5,3","5,3","5,3","5,2","5,2","5,3","5,3","5,4","5,4",45,42,42,41,39,39,39,38,38,37,37,37,37,36,36,36,37,36,37,37,37,37,37,37,37,37,38,38,39,40,39,37,37,37,37,37,37,39,39,39
